 Degree ° , τ (ms) , Δτ , a (μm) , Δa 
45.0,31.32414524721025,0.2270503081403942,0.8866863744129033,0.04304348180989969
48.0,33.646171402738794,0.31058656515973865,1.0759045333117137,0.04416729873343033
35.0,40.39749222571384,0.10129216111011322,0.7060728281004593,0.052279374417013545
50.0,21.946312622742777,0.2847123263267688,0.7576516349001449,0.03042235069524005
30.0,47.956661963473664,0.11629625209554942,0.6209446533724681,0.062112720789898296
40.0,35.311400890831074,0.07524640906950159,0.7984170474758021,0.04633943277967222
26.6,71.97702162722055,0.3854509405001971,0.7362898934271295,0.08402960821984384
