Degree,Tau,Error
45.0,14.590711203137868,0.25312786397448833
35.0,16.509096794541755,0.06705976484607329
50.0,9.068534145362463,0.5247069659830154
30.0,17.77885497144528,0.09558698234598101
40.0,12.505736816349588,0.15931399629927406
26.6,39.921882179257125,0.2990719133746044
