Degree,Tau,Error
45.0,19.476761526824035,0.19773449649850797
35.0,21.836556209187396,0.08876776117576726
50.0,12.714177326504462,0.18643294230009494
30.0,26.67613044553112,0.08229789120148467
40.0,16.721251958445066,0.14014584815500897
26.6,47.94893044973696,0.08740929721271279
